year,day_of_year,temperature,humidity,rainfall
2020,1,26.19,76.01,0.05
2020,2,26.8,73.18,0.01
2020,3,26.8,75.41,0.0
2020,4,25.75,75.66,0.0
2020,5,25.42,73.99,0.0
2020,6,26.85,73.17,0.0
2020,7,27.36,70.15,0.0
2020,8,26.61,75.22,0.01
2020,9,26.73,76.11,0.0
2020,10,26.87,73.31,0.0
2020,11,27.05,67.6,0.0
2020,12,26.23,63.27,0.0
2020,13,25.97,66.6,0.0
2020,14,25.68,73.77,0.0
2020,15,25.92,74.15,0.0
2020,16,25.62,71.08,0.08
2020,17,25.46,70.62,0.02
2020,18,26.21,69.98,0.0
2020,19,27.25,71.8,0.03
2020,20,27.52,71.21,0.1
2020,21,27.5,65.53,0.03
2020,22,27.2,59.06,0.0
2020,23,27.38,61.69,0.0
2020,24,27.28,63.01,0.0
2020,25,26.85,58.86,0.0
2020,26,26.68,60.55,0.0
2020,27,26.91,70.36,0.0
2020,28,26.48,72.3,0.03
2020,29,26.48,70.07,0.01
2020,30,26.55,68.49,0.0
2020,31,25.95,70.89,0.0
2020,32,26.08,70.8,0.0
2020,33,26.56,69.28,0.01
2020,34,26.98,67.13,0.0
2020,35,26.87,67.08,0.0
2020,36,27.1,67.75,0.01
2020,37,27.1,67.94,0.0
2020,38,26.25,69.94,0.0
2020,39,25.14,66.47,0.0
2020,40,25.48,60.81,0.0
2020,41,27.42,61.74,0.0
2020,42,28.5,60.03,0.01
2020,43,28.1,59.08,0.0
2020,44,28.13,56.7,0.0
2020,45,28.03,58.85,0.0
2020,46,28.45,54.74,0.0
2020,47,28.02,54.22,0.0
2020,48,27.99,52.1,0.0
2020,49,27.93,51.76,0.0
2020,50,28.4,57.25,0.0
2020,51,28.75,58.17,0.0
2020,52,28.72,52.06,0.0
2020,53,28.81,47.26,0.0
2020,54,28.94,52.8,0.0
2020,55,28.79,56.27,0.0
2020,56,28.86,61.77,0.01
2020,57,29.22,60.36,0.0
2020,58,29.5,62.99,0.14
2020,59,29.68,60.84,0.24
2020,60,28.28,68.96,2.43
2020,61,28.56,68.33,3.69
2020,62,28.28,71.32,3.22
2020,63,28.43,68.58,0.37
2020,64,28.16,64.77,0.02
2020,65,27.35,67.16,0.0
2020,66,27.09,65.76,0.0
2020,67,27.51,63.81,0.0
2020,68,28.19,65.78,0.04
2020,69,28.62,67.1,0.06
2020,70,28.86,65.61,0.0
2020,71,28.38,68.16,0.0
2020,72,28.53,66.45,0.0
2020,73,28.79,64.01,0.0
2020,74,29.48,58.88,0.0
2020,75,29.65,56.92,0.0
2020,76,29.91,58.67,0.0
2020,77,30.37,57.75,0.02
2020,78,30.39,58.8,0.07
2020,79,30.23,59.6,0.12
2020,80,30.11,56.88,0.14
2020,81,29.58,51.72,0.0
2020,82,28.72,59.93,0.0
2020,83,29.76,61.11,0.05
2020,84,29.69,63.22,0.4
2020,85,29.16,66.43,0.77
2020,86,30.42,59.94,0.11
2020,87,30.12,65.01,0.09
2020,88,30.17,65.82,0.03
2020,89,30.16,64.29,0.03
2020,90,30.41,63.84,0.02
2020,91,30.65,61.3,0.02
2020,92,31.03,60.22,0.04
2020,93,30.27,65.55,0.09
2020,94,30.34,62.89,0.06
2020,95,30.45,64.5,0.08
2020,96,30.17,65.78,0.13
2020,97,29.52,68.26,0.94
2020,98,29.3,68.77,1.71
2020,99,30.09,61.93,0.78
2020,100,31.11,54.96,0.21
2020,101,30.15,60.49,1.01
2020,102,30.32,62.37,0.8
2020,103,30.45,63.71,0.81
2020,104,31.07,60.64,0.14
2020,105,31.44,57.03,0.05
2020,106,31.03,58.77,0.06
2020,107,30.09,65.58,0.98
2020,108,30.6,63.07,0.75
2020,109,30.09,67.8,1.52
2020,110,31.17,64.24,1.38
2020,111,30.5,68.79,2.6
2020,112,30.31,70.26,2.14
2020,113,29.85,70.62,1.06
2020,114,30.07,69.15,5.53
2020,115,29.2,73.15,4.18
2020,116,29.1,74.93,3.06
2020,117,29.71,73.01,1.61
2020,118,30.06,68.43,3.34
2020,119,30.23,67.43,0.19
2020,120,29.28,70.56,0.53
2020,121,29.57,69.83,0.69
2020,122,29.21,74.05,3.85
2020,123,29.72,72.99,1.82
2020,124,29.64,76.22,1.85
2020,125,30.14,74.28,4.47
2020,126,30.55,70.36,1.17
2020,127,29.57,76.07,2.28
2020,128,29.27,75.26,4.0
2020,129,28.71,79.4,7.82
2020,130,29.69,75.35,1.87
2020,131,30.05,73.0,0.46
2020,132,29.66,73.79,3.31
2020,133,29.89,75.17,5.22
2020,134,29.56,75.44,3.62
2020,135,29.91,74.19,2.27
2020,136,29.01,80.52,5.26
2020,137,28.8,82.2,3.03
2020,138,28.27,84.75,10.45
2020,139,27.62,86.65,17.13
2020,140,28.47,79.96,5.12
2020,141,28.96,75.48,4.07
2020,142,27.94,80.64,4.55
2020,143,28.65,75.11,0.54
2020,144,29.03,77.22,1.1
2020,145,28.59,79.98,2.71
2020,146,28.69,79.0,3.28
2020,147,28.72,81.24,4.4
2020,148,28.49,82.37,7.08
2020,149,28.45,75.77,1.23
2020,150,26.51,79.03,15.63
2020,151,27.76,80.76,7.98
2020,152,26.79,88.95,39.7
2020,153,26.93,87.33,30.03
2020,154,27.27,87.93,27.08
2020,155,26.94,88.58,28.85
2020,156,27.04,83.0,18.02
2020,157,27.46,80.8,3.48
2020,158,27.22,81.18,19.06
2020,159,27.41,82.2,6.44
2020,160,27.3,81.88,5.53
2020,161,27.07,83.41,8.58
2020,162,27.23,86.22,27.46
2020,163,26.24,87.94,43.41
2020,164,26.33,82.07,35.43
2020,165,26.87,81.05,11.09
2020,166,26.84,86.44,123.38
2020,167,27.23,88.57,38.43
2020,168,27.4,90.21,70.23
2020,169,26.74,92.11,63.01
2020,170,26.02,90.4,38.35
2020,171,26.62,88.93,24.4
2020,172,26.83,80.51,8.84
2020,173,26.39,89.15,20.35
2020,174,26.51,87.1,26.92
2020,175,26.25,83.92,1.64
2020,176,26.34,85.32,4.03
2020,177,26.33,84.36,7.17
2020,178,25.67,87.49,24.03
2020,179,26.3,88.03,26.59
2020,180,26.68,88.15,43.82
2020,181,26.69,90.27,44.99
2020,182,25.67,87.86,17.49
2020,183,25.98,87.5,33.14
2020,184,25.46,89.71,65.7
2020,185,26.05,89.26,127.66
2020,186,26.28,90.06,59.57
2020,187,26.12,89.71,31.65
2020,188,26.78,88.5,21.96
2020,189,25.93,89.41,49.41
2020,190,26.05,88.44,55.09
2020,191,25.59,91.51,54.05
2020,192,25.22,89.88,7.65
2020,193,25.62,87.38,38.83
2020,194,24.9,89.49,25.54
2020,195,24.94,90.17,22.27
2020,196,25.79,90.31,28.43
2020,197,25.41,90.08,53.69
2020,198,25.93,89.72,51.48
2020,199,25.9,89.64,83.06
2020,200,25.79,90.71,33.63
2020,201,25.35,90.62,46.7
2020,202,25.37,91.22,20.45
2020,203,25.91,86.32,10.57
2020,204,26.37,87.59,6.52
2020,205,26.14,90.44,33.45
2020,206,25.8,89.14,18.42
2020,207,25.39,90.23,23.55
2020,208,25.26,88.71,9.78
2020,209,25.62,87.96,15.43
2020,210,25.81,89.64,30.26
2020,211,25.52,91.83,33.22
2020,212,25.6,92.01,35.63
2020,213,25.61,91.57,36.59
2020,214,25.35,90.85,42.41
2020,215,25.57,92.46,111.63
2020,216,25.8,91.64,55.92
2020,217,25.56,91.7,73.23
2020,218,25.67,91.31,81.78
2020,219,26.46,91.89,60.41
2020,220,26.16,92.61,93.67
2020,221,25.3,90.6,55.47
2020,222,25.41,93.19,121.96
2020,223,25.49,94.38,76.51
2020,224,25.5,91.93,25.15
2020,225,25.5,91.96,20.1
2020,226,25.6,91.17,10.82
2020,227,25.64,89.74,12.38
2020,228,25.88,89.27,13.63
2020,229,25.9,89.93,36.37
2020,230,25.98,89.73,38.4
2020,231,25.96,90.33,31.67
2020,232,25.79,90.14,10.96
2020,233,26.01,89.68,14.2
2020,234,26.09,90.29,21.9
2020,235,26.2,90.11,18.34
2020,236,26.18,89.28,9.2
2020,237,26.2,87.51,3.25
2020,238,26.22,85.37,1.13
2020,239,25.93,85.03,0.76
2020,240,25.92,84.73,2.67
2020,241,25.68,85.88,4.78
2020,242,26.05,87.57,10.71
2020,243,26.18,89.06,9.18
2020,244,26.07,88.75,15.92
2020,245,25.85,92.33,30.1
2020,246,26.02,91.63,25.82
2020,247,25.57,89.27,47.49
2020,248,26.13,87.85,6.5
2020,249,26.18,91.13,27.04
2020,250,26.41,88.88,14.73
2020,251,25.99,89.38,18.84
2020,252,26.46,89.01,14.39
2020,253,26.15,89.97,31.79
2020,254,25.8,91.36,88.53
2020,255,25.66,89.09,91.61
2020,256,24.98,88.86,27.92
2020,257,24.69,88.94,37.87
2020,258,25.09,88.15,13.72
2020,259,25.39,89.88,49.1
2020,260,26.04,88.75,33.38
2020,261,25.95,90.07,35.69
2020,262,25.58,89.87,36.35
2020,263,25.37,91.8,83.76
2020,264,25.25,91.14,84.42
2020,265,24.61,86.86,35.46
2020,266,25.27,85.75,6.49
2020,267,25.46,88.61,3.89
2020,268,25.26,88.18,8.29
2020,269,25.37,89.24,5.37
2020,270,24.83,90.69,7.81
2020,271,25.46,84.24,0.62
2020,272,25.47,85.65,3.98
2020,273,25.69,87.85,7.17
2020,274,25.29,87.86,2.57
2020,275,25.25,86.25,1.68
2020,276,25.42,84.13,3.76
2020,277,25.07,88.98,5.42
2020,278,25.1,87.7,1.56
2020,279,25.24,86.03,1.05
2020,280,25.83,86.61,3.26
2020,281,26.41,88.08,4.26
2020,282,26.63,88.15,5.39
2020,283,26.27,88.51,27.58
2020,284,25.79,87.67,27.62
2020,285,25.44,86.45,9.78
2020,286,25.37,91.36,49.8
2020,287,25.08,88.78,99.18
2020,288,25.52,89.5,54.43
2020,289,25.68,87.86,59.63
2020,290,25.64,86.2,10.87
2020,291,25.51,85.79,7.4
2020,292,25.59,84.03,3.49
2020,293,25.47,85.47,7.32
2020,294,25.51,88.7,6.69
2020,295,25.44,90.12,42.66
2020,296,25.21,88.8,27.5
2020,297,25.47,89.83,5.64
2020,298,25.56,89.03,5.98
2020,299,25.11,84.01,2.97
2020,300,25.92,82.48,0.35
2020,301,26.52,83.64,0.53
2020,302,26.58,81.03,0.9
2020,303,26.01,78.64,0.44
2020,304,26.42,78.85,0.34
2020,305,26.47,79.24,1.42
2020,306,26.37,81.91,1.54
2020,307,26.67,81.38,1.41
2020,308,26.46,84.42,0.67
2020,309,26.42,86.17,1.17
2020,310,25.65,85.07,8.24
2020,311,27.04,81.14,5.52
2020,312,27.1,81.41,1.11
2020,313,27.27,82.8,0.07
2020,314,26.78,80.04,0.02
2020,315,25.33,73.01,0.0
2020,316,24.68,70.91,0.0
2020,317,26.62,81.67,0.33
2020,318,27.08,83.24,2.62
2020,319,26.78,82.71,2.57
2020,320,27.41,80.04,1.63
2020,321,27.17,82.71,3.39
2020,322,26.5,84.16,2.74
2020,323,26.86,79.18,1.27
2020,324,26.28,84.26,0.81
2020,325,26.93,78.8,1.81
2020,326,26.09,73.49,0.47
2020,327,25.24,67.39,0.0
2020,328,25.13,64.79,0.0
2020,329,25.91,75.08,0.01
2020,330,26.69,76.52,0.0
2020,331,26.27,78.59,0.13
2020,332,25.55,77.01,0.2
2020,333,25.72,79.16,0.49
2020,334,26.85,75.49,0.09
2020,335,26.89,75.8,0.05
2020,336,26.08,73.81,0.02
2020,337,25.0,72.86,0.0
2020,338,26.02,75.55,0.02
2020,339,26.85,79.28,0.44
2020,340,26.92,77.63,0.03
2020,341,27.28,76.47,0.2
2020,342,27.16,79.37,2.13
2020,343,26.88,81.02,13.96
2020,344,26.61,81.7,9.57
2020,345,26.17,79.88,1.35
2020,346,25.5,82.36,4.25
2020,347,25.74,76.42,1.6
2020,348,25.73,79.15,0.04
2020,349,25.86,77.99,0.03
2020,350,25.84,71.41,0.0
2020,351,25.92,72.16,0.0
2020,352,26.53,74.18,0.05
2020,353,26.45,71.91,0.04
2020,354,25.94,73.28,0.0
2020,355,25.51,71.12,0.0
2020,356,24.37,67.4,0.0
2020,357,25.16,66.84,0.01
2020,358,26.23,70.56,0.72
2020,359,26.46,77.71,0.27
2020,360,26.72,77.35,0.23
2020,361,26.54,72.73,0.1
2020,362,25.57,68.06,0.0
2020,363,25.21,68.6,0.0
2020,364,25.76,64.71,0.0
2020,365,26.77,73.02,0.18
2020,366,27.55,73.32,0.27
2021,1,25.75,68.35,0.06
2021,2,25.7,64.86,0.0
2021,3,27.06,69.96,0.14
2021,4,26.88,74.36,0.75
2021,5,25.67,79.44,1.09
2021,6,26.02,82.1,17.95
2021,7,25.72,86.64,26.93
2021,8,25.25,87.86,7.26
2021,9,25.75,82.82,3.76
2021,10,26.11,84.4,22.24
2021,11,26.88,76.54,0.47
2021,12,26.4,70.94,0.03
2021,13,26.05,67.15,0.01
2021,14,26.7,68.27,0.01
2021,15,27.28,69.0,0.03
2021,16,26.96,73.66,0.09
2021,17,26.93,76.34,0.03
2021,18,27.08,71.26,0.04
2021,19,26.48,71.31,0.02
2021,20,26.23,66.78,0.0
2021,21,26.01,63.59,0.0
2021,22,26.28,67.45,0.0
2021,23,26.66,69.84,0.0
2021,24,27.07,67.32,0.02
2021,25,26.08,63.06,0.0
2021,26,25.99,59.43,0.0
2021,27,25.98,63.44,0.0
2021,28,26.06,61.2,0.0
2021,29,26.02,65.88,0.0
2021,30,26.6,66.19,0.0
2021,31,27.25,65.32,0.0
2021,32,26.69,59.05,0.01
2021,33,26.04,60.05,0.0
2021,34,26.53,64.98,0.0
2021,35,27.29,67.58,0.04
2021,36,26.79,70.22,0.02
2021,37,26.53,64.18,0.0
2021,38,26.24,54.24,0.0
2021,39,25.64,56.04,0.0
2021,40,25.8,56.33,0.0
2021,41,25.77,54.8,0.0
2021,42,25.77,56.63,0.0
2021,43,26.45,60.93,0.0
2021,44,26.6,66.63,0.0
2021,45,26.67,65.85,0.0
2021,46,26.88,69.1,0.07
2021,47,26.73,70.66,0.07
2021,48,27.05,70.9,0.13
2021,49,26.76,72.44,4.75
2021,50,25.39,73.89,4.52
2021,51,26.5,64.89,2.61
2021,52,26.39,65.48,1.54
2021,53,27.19,59.98,2.02
2021,54,27.66,66.15,1.0
2021,55,27.81,66.29,0.47
2021,56,28.22,66.72,0.3
2021,57,28.3,66.46,0.0
2021,58,28.47,63.34,0.0
2021,59,28.53,64.38,0.0
2021,60,28.55,63.62,0.0
2021,61,28.7,62.39,0.0
2021,62,28.85,59.11,0.0
2021,63,28.75,53.02,0.0
2021,64,28.68,55.32,0.0
2021,65,28.79,64.91,0.0
2021,66,28.97,61.09,0.01
2021,67,29.07,61.35,0.11
2021,68,29.37,58.34,0.15
2021,69,28.8,64.59,0.34
2021,70,27.51,71.61,1.97
2021,71,28.29,66.54,0.1
2021,72,28.98,59.51,0.01
2021,73,29.15,60.7,0.01
2021,74,29.46,62.86,0.01
2021,75,29.44,60.05,0.02
2021,76,29.66,57.92,0.05
2021,77,29.8,60.35,0.06
2021,78,29.85,60.51,0.06
2021,79,29.67,58.47,0.04
2021,80,29.5,63.33,0.11
2021,81,30.04,60.58,0.28
2021,82,30.26,62.99,0.26
2021,83,29.91,62.44,0.5
2021,84,29.39,67.37,0.52
2021,85,30.69,61.48,0.3
2021,86,30.79,61.55,0.69
2021,87,30.2,65.18,0.76
2021,88,30.02,65.13,1.59
2021,89,29.13,71.57,2.3
2021,90,29.41,70.77,0.39
2021,91,29.0,66.94,0.01
2021,92,28.74,63.65,0.0
2021,93,28.07,66.74,0.0
2021,94,28.82,62.43,0.0
2021,95,30.04,63.21,0.15
2021,96,30.3,64.48,0.26
2021,97,30.54,64.58,0.16
2021,98,29.96,63.68,0.1
2021,99,30.26,60.66,0.07
2021,100,30.34,62.56,0.14
2021,101,29.62,66.84,7.45
2021,102,28.96,74.27,19.84
2021,103,28.53,75.28,11.69
2021,104,28.18,76.0,8.01
2021,105,28.06,75.79,6.01
2021,106,28.48,74.74,2.08
2021,107,28.63,76.04,1.71
2021,108,28.79,74.83,4.82
2021,109,28.5,74.74,3.38
2021,110,28.6,74.66,2.28
2021,111,28.27,76.21,8.05
2021,112,28.55,74.27,0.58
2021,113,28.09,77.1,2.82
2021,114,28.92,73.2,1.23
2021,115,29.2,73.36,1.14
2021,116,30.14,69.97,0.65
2021,117,29.01,74.55,0.36
2021,118,28.95,75.83,0.5
2021,119,29.45,72.33,0.77
2021,120,29.96,69.11,1.09
2021,121,29.87,72.22,3.33
2021,122,29.01,76.92,5.53
2021,123,29.63,72.48,5.0
2021,124,28.75,78.55,5.64
2021,125,29.04,80.31,5.7
2021,126,28.59,82.13,4.52
2021,127,29.0,78.66,6.23
2021,128,28.98,77.85,3.86
2021,129,28.63,79.1,2.28
2021,130,28.87,78.55,2.05
2021,131,28.29,84.7,10.78
2021,132,28.04,85.93,7.86
2021,133,28.03,84.42,10.14
2021,134,27.36,84.65,63.23
2021,135,26.57,89.56,44.05
2021,136,27.45,87.06,45.38
2021,137,27.35,87.92,14.89
2021,138,27.48,88.2,18.79
2021,139,27.32,87.47,8.99
2021,140,26.88,86.01,15.17
2021,141,26.62,86.2,7.2
2021,142,26.56,86.7,6.99
2021,143,27.12,82.12,7.94
2021,144,27.32,81.51,3.65
2021,145,26.97,87.69,14.65
2021,146,26.4,84.71,12.8
2021,147,27.41,80.15,2.24
2021,148,27.23,84.95,13.05
2021,149,27.34,82.59,16.25
2021,150,26.32,84.47,6.42
2021,151,26.72,87.73,10.65
2021,152,27.44,89.14,19.65
2021,153,27.21,87.33,14.07
2021,154,27.87,84.87,16.0
2021,155,26.97,88.82,29.69
2021,156,26.56,81.53,39.99
2021,157,26.53,79.72,30.5
2021,158,26.7,82.51,3.62
2021,159,26.91,84.58,5.86
2021,160,27.2,85.27,15.84
2021,161,27.05,84.68,11.86
2021,162,27.08,85.41,10.71
2021,163,26.18,85.17,60.2
2021,164,26.1,83.71,29.74
2021,165,26.47,87.34,71.16
2021,166,26.5,89.34,81.6
2021,167,26.74,90.46,42.9
2021,168,27.04,88.3,33.33
2021,169,26.64,86.88,21.6
2021,170,26.69,87.72,42.43
2021,171,26.44,88.69,35.57
2021,172,26.48,89.2,21.26
2021,173,26.59,88.9,8.31
2021,174,26.74,86.84,5.17
2021,175,26.65,85.44,4.58
2021,176,26.33,86.29,3.04
2021,177,26.45,86.74,18.48
2021,178,25.26,82.16,3.79
2021,179,25.09,82.35,1.68
2021,180,26.43,82.95,1.6
2021,181,26.78,84.64,0.84
2021,182,26.79,89.09,12.63
2021,183,26.52,88.34,10.14
2021,184,26.21,88.91,9.33
2021,185,26.13,88.65,11.02
2021,186,25.81,83.42,6.06
2021,187,26.51,84.36,11.78
2021,188,25.74,91.4,34.63
2021,189,26.1,88.01,29.68
2021,190,25.15,92.47,65.88
2021,191,24.87,86.72,52.03
2021,192,24.9,89.27,57.27
2021,193,25.72,90.48,56.58
2021,194,25.9,90.88,48.9
2021,195,25.92,90.94,56.84
2021,196,25.85,92.2,83.07
2021,197,25.86,91.12,97.16
2021,198,25.96,89.86,57.58
2021,199,25.63,92.8,82.04
2021,200,25.85,90.94,28.01
2021,201,25.86,89.81,17.02
2021,202,25.87,91.72,30.77
2021,203,25.2,93.44,41.33
2021,204,25.63,92.07,40.26
2021,205,25.82,92.89,41.25
2021,206,25.74,92.45,39.99
2021,207,25.56,91.66,19.92
2021,208,25.77,90.61,11.48
2021,209,25.8,89.77,6.45
2021,210,25.86,88.96,9.38
2021,211,25.85,89.55,16.76
2021,212,25.91,89.18,15.98
2021,213,25.91,87.28,8.42
2021,214,25.85,86.42,12.13
2021,215,25.89,88.78,27.21
2021,216,25.97,89.77,20.6
2021,217,26.18,89.32,17.28
2021,218,26.18,89.38,19.85
2021,219,26.23,90.93,22.84
2021,220,25.8,90.84,11.85
2021,221,25.67,91.73,6.75
2021,222,25.39,92.36,22.64
2021,223,25.43,91.09,15.08
2021,224,25.13,92.45,18.42
2021,225,25.67,90.75,9.26
2021,226,25.49,89.88,7.35
2021,227,25.55,89.61,5.63
2021,228,25.69,90.37,12.15
2021,229,25.93,88.44,5.12
2021,230,24.62,89.05,19.29
2021,231,24.66,85.69,6.16
2021,232,25.39,84.85,0.78
2021,233,25.4,83.98,8.03
2021,234,25.58,82.54,1.83
2021,235,25.78,86.27,3.82
2021,236,25.67,85.7,7.42
2021,237,26.01,87.55,7.65
2021,238,26.19,86.58,12.49
2021,239,26.02,90.66,35.33
2021,240,25.53,91.12,34.45
2021,241,25.09,92.11,38.9
2021,242,25.66,89.12,22.21
2021,243,26.0,87.4,5.39
2021,244,26.25,87.04,10.63
2021,245,25.96,89.57,23.16
2021,246,25.41,89.86,37.46
2021,247,25.75,89.55,34.61
2021,248,25.41,91.37,43.1
2021,249,25.01,91.99,26.43
2021,250,25.49,91.88,32.03
2021,251,25.67,90.39,29.21
2021,252,25.62,89.7,10.54
2021,253,25.63,88.61,8.38
2021,254,25.79,89.3,20.71
2021,255,25.96,90.47,33.89
2021,256,25.83,91.72,27.34
2021,257,25.92,90.54,13.02
2021,258,25.9,89.62,9.47
2021,259,25.95,88.44,4.8
2021,260,25.98,87.15,1.49
2021,261,26.17,84.96,1.08
2021,262,26.27,85.33,0.81
2021,263,26.12,87.75,0.43
2021,264,26.04,87.9,6.95
2021,265,25.88,88.88,7.25
2021,266,26.14,88.75,8.43
2021,267,26.32,87.46,2.72
2021,268,26.18,87.23,2.04
2021,269,25.92,86.67,3.46
2021,270,25.85,88.19,14.53
2021,271,25.93,88.64,16.82
2021,272,25.7,88.86,17.89
2021,273,26.12,88.51,8.77
2021,274,26.4,88.13,10.99
2021,275,26.2,91.2,37.38
2021,276,26.72,88.77,16.31
2021,277,26.99,87.05,5.42
2021,278,26.93,86.18,16.7
2021,279,25.82,90.88,23.36
2021,280,26.1,86.38,3.42
2021,281,26.61,87.84,6.68
2021,282,26.61,87.67,12.43
2021,283,25.88,88.84,18.3
2021,284,25.96,85.86,25.65
2021,285,25.87,89.45,66.72
2021,286,26.03,88.78,13.82
2021,287,26.37,89.7,6.52
2021,288,26.24,90.36,9.22
2021,289,26.4,90.88,37.53
2021,290,26.13,90.68,15.77
2021,291,26.14,87.52,3.16
2021,292,26.18,82.62,0.34
2021,293,26.24,86.0,14.26
2021,294,26.24,86.05,22.95
2021,295,26.6,86.83,21.84
2021,296,25.91,89.2,10.47
2021,297,25.85,82.98,6.25
2021,298,25.93,85.35,5.75
2021,299,26.44,86.15,4.06
2021,300,26.74,82.49,5.38
2021,301,26.74,80.52,1.56
2021,302,26.3,83.44,2.45
2021,303,27.06,83.14,9.08
2021,304,26.63,85.25,2.16
2021,305,27.0,83.8,21.24
2021,306,26.62,83.53,9.96
2021,307,25.92,88.77,16.13
2021,308,25.81,89.44,18.66
2021,309,25.79,90.5,40.24
2021,310,25.88,84.62,12.13
2021,311,25.71,85.72,1.75
2021,312,25.32,81.27,1.37
2021,313,25.97,82.6,1.49
2021,314,25.63,85.28,0.41
2021,315,25.63,77.34,0.89
2021,316,24.23,85.64,4.03
2021,317,25.39,89.28,4.03
2021,318,26.18,90.63,28.02
2021,319,25.89,94.21,33.29
2021,320,25.34,92.14,26.37
2021,321,25.94,89.91,7.29
2021,322,26.31,85.46,12.88
2021,323,25.45,88.72,22.93
2021,324,25.71,92.57,21.31
2021,325,25.39,90.31,5.16
2021,326,25.97,86.98,6.5
2021,327,26.61,87.88,2.58
2021,328,26.95,85.91,3.64
2021,329,26.79,82.76,1.42
2021,330,26.78,79.4,0.17
2021,331,26.27,80.63,0.51
2021,332,26.08,78.77,1.61
2021,333,25.88,79.47,2.46
2021,334,25.84,82.86,4.6
2021,335,26.1,85.34,4.38
2021,336,26.34,85.72,1.49
2021,337,26.1,83.63,0.4
2021,338,26.11,81.4,0.2
2021,339,26.1,81.73,0.06
2021,340,25.61,81.64,0.0
2021,341,25.71,78.08,0.01
2021,342,26.47,73.6,0.14
2021,343,26.48,77.52,3.68
2021,344,26.22,79.29,1.36
2021,345,26.22,77.28,0.87
2021,346,26.38,77.67,0.18
2021,347,26.46,77.08,0.05
2021,348,26.26,76.29,0.09
2021,349,25.19,78.14,0.18
2021,350,25.68,75.95,0.11
2021,351,25.78,75.25,0.01
2021,352,24.69,74.87,0.0
2021,353,23.79,74.05,0.0
2021,354,23.63,70.81,0.0
2021,355,24.17,71.44,0.0
2021,356,25.0,75.93,0.0
2021,357,25.19,76.93,0.0
2021,358,25.07,78.26,0.0
2021,359,25.6,77.53,0.0
2021,360,25.1,76.89,0.0
2021,361,25.02,75.44,0.0
2021,362,24.95,70.45,0.0
2021,363,25.1,70.25,0.0
2021,364,25.19,72.65,0.0
2021,365,26.03,76.41,0.02
2022,1,26.58,75.9,0.07
2022,2,26.55,74.09,0.03
2022,3,26.16,71.52,0.01
2022,4,25.44,70.28,0.0
2022,5,25.06,72.7,0.0
2022,6,25.37,71.81,0.0
2022,7,25.48,75.55,0.0
2022,8,25.46,77.94,0.01
2022,9,25.08,78.14,0.0
2022,10,24.88,78.53,0.0
2022,11,24.87,78.28,0.0
2022,12,23.91,79.38,0.0
2022,13,23.45,76.99,0.0
2022,14,24.02,74.18,0.0
2022,15,24.71,74.13,0.0
2022,16,25.9,72.51,0.0
2022,17,26.22,73.46,0.11
2022,18,26.31,70.95,0.03
2022,19,25.62,70.06,0.0
2022,20,24.82,69.61,0.0
2022,21,25.14,71.0,0.0
2022,22,25.09,76.18,0.0
2022,23,24.15,75.64,0.0
2022,24,23.99,71.59,0.01
2022,25,23.34,66.97,0.0
2022,26,24.0,73.02,0.01
2022,27,25.78,74.45,0.02
2022,28,26.91,69.11,0.02
2022,29,26.52,66.75,0.0
2022,30,26.84,72.34,0.0
2022,31,26.94,72.29,0.0
2022,32,27.05,70.78,0.0
2022,33,26.72,71.84,0.0
2022,34,26.15,72.44,0.0
2022,35,24.93,69.43,0.0
2022,36,24.81,66.1,0.0
2022,37,25.29,72.79,0.0
2022,38,26.21,72.54,0.0
2022,39,26.38,72.15,0.0
2022,40,26.53,70.95,0.0
2022,41,26.99,66.34,0.0
2022,42,27.3,55.55,0.0
2022,43,27.23,60.18,0.0
2022,44,27.21,64.51,0.01
2022,45,27.15,65.79,0.04
2022,46,26.85,66.42,0.02
2022,47,26.7,65.27,0.02
2022,48,26.76,64.31,0.1
2022,49,27.65,63.91,0.07
2022,50,27.86,61.86,0.0
2022,51,27.46,65.7,0.0
2022,52,27.46,65.07,0.0
2022,53,27.37,65.45,0.0
2022,54,28.04,63.11,0.0
2022,55,27.76,63.64,0.01
2022,56,28.34,62.51,0.01
2022,57,27.46,50.93,0.0
2022,58,27.19,57.63,0.0
2022,59,27.79,56.17,0.01
2022,60,28.16,58.15,0.01
2022,61,28.55,50.99,0.01
2022,62,28.5,45.52,0.0
2022,63,28.66,46.55,0.0
2022,64,28.59,48.8,0.0
2022,65,28.9,53.1,0.01
2022,66,29.18,53.77,0.01
2022,67,29.09,61.46,0.02
2022,68,29.13,64.44,0.06
2022,69,29.32,60.4,0.04
2022,70,29.75,56.29,0.02
2022,71,29.1,52.84,0.02
2022,72,29.67,51.04,0.02
2022,73,29.43,54.59,0.02
2022,74,29.54,61.23,0.03
2022,75,29.68,62.29,0.02
2022,76,29.45,64.29,0.19
2022,77,29.37,66.32,0.9
2022,78,28.61,68.38,1.18
2022,79,28.05,69.95,1.36
2022,80,28.23,68.27,2.31
2022,81,27.94,75.33,6.78
2022,82,28.84,74.48,2.79
2022,83,27.33,78.17,7.44
2022,84,28.16,74.44,0.93
2022,85,28.53,74.65,0.77
2022,86,29.07,73.56,0.37
2022,87,29.49,71.79,0.15
2022,88,29.3,71.78,0.14
2022,89,29.26,71.56,0.17
2022,90,28.93,73.01,0.19
2022,91,28.88,73.06,2.19
2022,92,28.56,72.78,5.53
2022,93,29.11,69.95,1.32
2022,94,29.83,68.25,0.74
2022,95,29.47,69.64,3.37
2022,96,29.09,71.01,1.88
2022,97,28.65,75.04,0.45
2022,98,28.79,73.99,1.15
2022,99,27.83,81.02,5.84
2022,100,27.85,80.05,1.62
2022,101,28.49,76.79,0.91
2022,102,28.16,80.53,1.35
2022,103,27.87,81.54,5.05
2022,104,28.03,73.0,3.9
2022,105,28.42,70.11,0.3
2022,106,28.74,74.07,0.84
2022,107,28.8,72.75,4.03
2022,108,28.68,74.2,4.47
2022,109,27.98,79.28,5.82
2022,110,28.88,74.44,0.11
2022,111,28.88,76.86,1.73
2022,112,29.06,75.23,2.56
2022,113,27.94,81.03,2.39
2022,114,28.62,78.05,1.51
2022,115,28.47,80.22,1.68
2022,116,29.11,73.98,1.09
2022,117,30.04,71.09,0.72
2022,118,28.9,78.67,1.53
2022,119,28.8,79.24,2.06
2022,120,29.13,75.41,0.81
2022,121,29.1,73.64,0.78
2022,122,29.24,72.16,0.84
2022,123,29.28,74.24,7.97
2022,124,28.75,80.49,11.83
2022,125,27.76,79.35,15.66
2022,126,28.23,79.58,2.52
2022,127,28.32,77.71,2.16
2022,128,28.95,75.55,2.42
2022,129,28.5,80.42,3.18
2022,130,28.98,75.23,1.75
2022,131,28.11,77.92,10.81
2022,132,26.58,82.3,15.21
2022,133,26.75,86.58,10.04
2022,134,26.82,87.51,5.9
2022,135,26.87,88.15,13.54
2022,136,26.56,88.05,31.78
2022,137,26.61,82.74,52.64
2022,138,26.87,88.16,56.9
2022,139,26.31,84.42,58.11
2022,140,24.94,84.31,8.18
2022,141,25.94,80.9,4.99
2022,142,26.66,86.9,5.77
2022,143,27.55,86.16,2.77
2022,144,27.69,87.86,1.7
2022,145,27.94,86.43,6.58
2022,146,27.54,85.99,7.1
2022,147,26.94,86.81,5.51
2022,148,27.1,81.88,3.6
2022,149,27.1,80.46,2.6
2022,150,27.37,79.36,5.75
2022,151,27.14,82.68,8.77
2022,152,26.73,85.1,4.77
2022,153,25.22,89.57,2.1
2022,154,26.62,87.0,5.44
2022,155,27.65,81.29,1.76
2022,156,27.48,84.2,9.25
2022,157,27.17,85.83,8.84
2022,158,26.71,84.06,15.07
2022,159,26.77,84.43,3.15
2022,160,27.18,80.71,3.46
2022,161,26.92,81.42,9.31
2022,162,26.66,81.52,21.04
2022,163,25.66,82.38,22.67
2022,164,26.08,85.91,15.24
2022,165,26.74,81.38,12.3
2022,166,26.31,85.36,15.25
2022,167,26.28,85.03,10.78
2022,168,26.31,81.2,4.27
2022,169,25.76,84.0,14.63
2022,170,25.78,81.03,2.77
2022,171,26.1,81.88,28.68
2022,172,26.08,88.03,35.31
2022,173,25.98,88.93,30.97
2022,174,25.91,86.84,35.65
2022,175,25.84,89.31,103.42
2022,176,26.12,87.75,30.72
2022,177,26.64,87.93,14.25
2022,178,26.7,87.66,21.4
2022,179,26.56,88.3,38.95
2022,180,26.25,90.31,65.41
2022,181,26.18,88.64,89.01
2022,182,26.1,88.74,53.04
2022,183,25.95,90.57,46.02
2022,184,25.74,89.42,55.13
2022,185,25.6,90.57,66.38
2022,186,25.72,91.32,84.17
2022,187,25.76,90.35,73.43
2022,188,25.46,89.65,109.08
2022,189,25.25,90.08,74.96
2022,190,25.55,90.76,115.46
2022,191,25.48,89.73,42.7
2022,192,25.52,90.8,47.65
2022,193,25.34,92.28,54.63
2022,194,25.15,92.0,49.69
2022,195,25.53,92.01,29.29
2022,196,25.84,91.51,32.09
2022,197,25.79,91.75,43.05
2022,198,25.29,91.69,49.09
2022,199,25.14,89.23,44.82
2022,200,25.01,89.6,20.69
2022,201,25.61,91.01,21.18
2022,202,25.65,90.29,6.73
2022,203,25.1,90.72,6.79
2022,204,25.25,88.62,20.89
2022,205,25.65,89.33,10.71
2022,206,25.71,88.66,14.4
2022,207,25.6,88.63,7.32
2022,208,25.7,88.63,31.42
2022,209,26.28,90.7,15.6
2022,210,27.0,89.06,9.78
2022,211,26.32,91.33,32.01
2022,212,25.6,91.69,8.97
2022,213,25.32,94.12,67.74
2022,214,24.72,92.43,68.53
2022,215,24.73,93.9,69.73
2022,216,25.09,94.12,90.94
2022,217,25.09,92.87,106.87
2022,218,25.2,91.65,37.83
2022,219,25.11,92.27,49.49
2022,220,25.18,92.51,26.02
2022,221,25.19,90.99,18.09
2022,222,25.23,89.15,15.53
2022,223,25.27,91.14,17.49
2022,224,25.38,90.36,7.81
2022,225,25.42,88.19,4.67
2022,226,25.24,90.99,3.08
2022,227,25.5,89.7,1.73
2022,228,25.75,87.64,1.49
2022,229,25.81,89.03,4.37
2022,230,25.77,88.77,23.04
2022,231,25.41,87.95,30.99
2022,232,25.18,87.25,13.31
2022,233,25.69,90.36,24.18
2022,234,25.75,90.42,53.41
2022,235,25.71,90.31,58.42
2022,236,25.12,89.46,58.93
2022,237,25.54,89.5,13.71
2022,238,25.33,90.67,20.95
2022,239,25.07,89.95,39.92
2022,240,25.23,89.55,19.16
2022,241,25.59,90.95,22.18
2022,242,25.34,91.19,7.91
2022,243,25.85,92.2,22.38
2022,244,25.97,89.28,23.67
2022,245,25.33,89.35,14.88
2022,246,25.62,89.81,1.35
2022,247,25.66,90.33,4.37
2022,248,25.61,93.45,11.83
2022,249,25.3,94.26,60.17
2022,250,24.6,92.55,87.89
2022,251,24.73,89.96,7.43
2022,252,25.2,89.91,19.92
2022,253,25.21,90.29,20.76
2022,254,25.29,90.92,19.13
2022,255,25.41,90.04,14.88
2022,256,25.37,90.04,8.45
2022,257,25.34,89.89,7.71
2022,258,25.25,90.19,12.13
2022,259,25.46,88.36,8.23
2022,260,25.83,85.87,9.58
2022,261,25.75,87.62,5.23
2022,262,25.72,86.87,5.72
2022,263,25.52,83.57,1.95
2022,264,25.47,84.58,1.01
2022,265,25.17,84.56,0.49
2022,266,25.06,85.84,5.24
2022,267,25.28,86.93,8.28
2022,268,25.56,85.69,2.3
2022,269,25.86,84.96,1.27
2022,270,25.16,86.69,2.11
2022,271,25.51,84.82,1.13
2022,272,25.36,86.69,1.74
2022,273,25.25,88.68,15.81
2022,274,24.98,87.38,14.28
2022,275,25.44,86.84,7.69
2022,276,25.89,87.57,2.28
2022,277,25.98,88.28,2.13
2022,278,25.87,87.77,4.89
2022,279,25.23,84.9,0.82
2022,280,25.26,84.88,0.36
2022,281,25.56,81.23,0.21
2022,282,26.02,85.39,8.26
2022,283,25.08,90.82,5.99
2022,284,25.03,90.84,8.73
2022,285,26.04,85.76,0.83
2022,286,25.79,87.61,7.69
2022,287,25.21,88.05,16.41
2022,288,25.88,86.19,4.33
2022,289,25.2,89.76,22.04
2022,290,25.82,89.18,7.87
2022,291,25.09,93.44,6.75
2022,292,25.2,87.57,5.19
2022,293,25.27,87.87,2.62
2022,294,25.98,85.86,5.11
2022,295,26.71,83.37,0.79
2022,296,26.62,81.33,0.23
2022,297,25.95,71.75,0.02
2022,298,25.47,69.77,0.0
2022,299,25.65,66.61,0.0
2022,300,25.35,70.24,0.0
2022,301,25.99,70.58,0.0
2022,302,26.49,79.48,0.37
2022,303,26.31,83.34,0.73
2022,304,26.74,75.97,0.62
2022,305,26.52,79.18,0.24
2022,306,26.35,78.82,6.39
2022,307,26.61,72.25,0.76
2022,308,26.87,79.16,1.3
2022,309,26.59,74.55,0.84
2022,310,26.45,77.59,1.41
2022,311,26.72,78.04,0.95
2022,312,27.08,71.83,0.08
2022,313,27.21,72.48,0.06
2022,314,26.62,72.65,0.02
2022,315,26.68,73.77,0.28
2022,316,25.9,78.59,1.4
2022,317,26.93,77.34,0.75
2022,318,26.79,77.56,2.46
2022,319,26.12,83.1,8.04
2022,320,25.9,84.28,0.2
2022,321,26.09,69.97,0.05
2022,322,25.0,62.16,0.01
2022,323,24.48,61.9,0.0
2022,324,24.42,62.31,0.0
2022,325,24.98,64.2,0.0
2022,326,25.13,75.1,0.2
2022,327,25.56,85.26,1.79
2022,328,26.28,83.92,6.87
2022,329,26.33,85.35,1.05
2022,330,26.3,81.76,1.92
2022,331,25.96,84.96,4.66
2022,332,25.55,85.03,3.65
2022,333,25.96,82.04,6.33
2022,334,26.12,75.5,0.11
2022,335,25.46,70.22,0.0
2022,336,26.84,76.91,0.28
2022,337,26.86,79.68,0.34
2022,338,27.01,78.48,1.27
2022,339,26.89,76.27,0.79
2022,340,27.05,75.46,0.12
2022,341,26.24,70.19,0.04
2022,342,25.04,64.21,0.01
2022,343,25.04,63.88,1.2
2022,344,25.35,77.99,4.45
2022,345,25.13,84.02,14.18
2022,346,25.63,83.42,11.57
2022,347,25.94,86.08,7.8
2022,348,26.0,83.76,0.98
2022,349,26.09,79.85,0.29
2022,350,25.2,68.62,0.0
2022,351,25.73,70.67,0.0
2022,352,25.95,76.97,0.01
2022,353,25.9,73.94,0.03
2022,354,25.42,67.22,0.01
2022,355,25.62,68.1,0.0
2022,356,24.79,62.8,0.0
2022,357,25.11,65.13,0.0
2022,358,25.3,67.32,0.0
2022,359,26.11,70.11,0.12
2022,360,27.53,74.73,0.29
2022,361,27.29,72.34,0.06
2022,362,27.72,73.44,0.03
2022,363,27.55,72.31,0.02
2022,364,26.85,67.09,0.01
2022,365,25.8,67.96,0.0
2023,1,26.4,69.45,0.0
2023,2,26.11,64.39,0.0
2023,3,26.04,67.11,0.01
2023,4,25.7,63.57,0.0
2023,5,25.71,62.62,0.0
2023,6,25.99,61.02,0.0
2023,7,26.48,64.54,0.0
2023,8,26.34,65.13,0.0
2023,9,25.53,65.67,0.0
2023,10,24.93,54.07,0.0
2023,11,25.0,58.97,0.0
2023,12,25.53,54.67,0.0
2023,13,26.06,60.77,0.0
2023,14,25.59,60.6,0.0
2023,15,25.68,60.15,0.0
2023,16,26.26,65.28,0.0
2023,17,26.13,66.68,0.0
2023,18,26.7,62.55,0.0
2023,19,25.84,59.98,0.0
2023,20,25.27,56.14,0.0
2023,21,25.94,61.7,0.0
2023,22,26.48,60.22,0.0
2023,23,26.13,62.06,0.0
2023,24,26.43,71.61,1.22
2023,25,24.98,84.81,3.58
2023,26,26.45,71.24,0.04
2023,27,26.39,63.96,0.02
2023,28,26.29,56.29,0.0
2023,29,26.38,55.7,0.0
2023,30,26.46,64.23,0.0
2023,31,27.81,65.11,0.18
2023,32,27.73,58.65,0.01
2023,33,28.12,57.26,0.0
2023,34,28.0,60.3,0.01
2023,35,28.56,60.85,0.01
2023,36,28.52,61.12,0.02
2023,37,27.89,66.7,0.01
2023,38,27.61,66.35,0.02
2023,39,28.49,59.82,0.0
2023,40,27.7,65.9,0.01
2023,41,28.41,63.72,0.01
2023,42,28.02,59.8,0.0
2023,43,28.0,59.89,0.0
2023,44,28.38,52.79,0.0
2023,45,27.99,57.25,0.0
2023,46,27.95,53.96,0.0
2023,47,27.82,52.44,0.0
2023,48,28.08,52.85,0.0
2023,49,27.69,60.38,0.0
2023,50,28.01,65.43,0.0
2023,51,28.1,63.46,0.0
2023,52,28.64,59.57,0.0
2023,53,28.62,54.99,0.0
2023,54,28.56,51.06,0.0
2023,55,28.5,51.19,0.0
2023,56,28.68,50.06,0.0
2023,57,29.01,46.36,0.0
2023,58,28.87,45.59,0.0
2023,59,28.48,46.08,0.0
2023,60,29.32,56.83,0.0
2023,61,29.62,47.87,0.02
2023,62,29.26,41.97,0.01
2023,63,29.38,40.1,0.0
2023,64,29.28,40.75,0.0
2023,65,29.22,44.4,0.01
2023,66,29.34,44.7,0.01
2023,67,28.86,41.92,0.0
2023,68,28.8,42.96,0.01
2023,69,29.06,45.2,0.0
2023,70,29.36,49.64,0.0
2023,71,29.93,48.37,0.01
2023,72,29.72,53.92,0.0
2023,73,29.59,60.11,0.03
2023,74,29.39,62.16,0.05
2023,75,29.19,62.29,0.05
2023,76,29.23,59.37,0.05
2023,77,28.81,61.71,0.06
2023,78,28.12,63.81,0.14
2023,79,27.81,56.08,0.0
2023,80,27.34,56.72,0.0
2023,81,28.08,61.02,0.0
2023,82,28.72,57.19,0.06
2023,83,28.91,58.23,0.0
2023,84,29.24,57.4,0.1
2023,85,29.3,55.04,0.14
2023,86,28.94,57.46,0.01
2023,87,29.2,58.06,0.0
2023,88,28.84,61.2,0.21
2023,89,28.83,61.62,0.25
2023,90,29.0,58.21,0.0
2023,91,28.58,59.46,0.01
2023,92,28.22,61.63,0.02
2023,93,28.01,59.72,0.0
2023,94,28.25,62.67,0.09
2023,95,29.45,60.76,0.09
2023,96,29.24,64.69,3.75
2023,97,29.4,65.97,2.91
2023,98,30.27,60.07,0.13
2023,99,29.94,61.42,0.24
2023,100,29.81,63.82,0.32
2023,101,29.91,64.69,0.22
2023,102,30.09,63.33,0.03
2023,103,30.28,56.6,0.02
2023,104,30.05,63.46,0.05
2023,105,29.49,67.8,0.06
2023,106,29.5,67.3,0.21
2023,107,29.52,69.38,0.25
2023,108,30.3,65.66,0.09
2023,109,30.21,65.96,0.12
2023,110,29.91,64.3,0.15
2023,111,29.87,65.89,0.41
2023,112,30.55,61.98,0.16
2023,113,30.62,57.7,0.0
2023,114,30.28,59.12,0.01
2023,115,29.45,66.28,2.49
2023,116,29.39,67.17,1.91
2023,117,29.88,64.77,0.45
2023,118,29.92,65.93,0.72
2023,119,30.24,65.23,1.27
2023,120,29.76,65.59,2.21
2023,121,29.65,62.25,0.94
2023,122,30.22,60.6,0.12
2023,123,29.63,63.95,0.1
2023,124,29.57,64.28,0.1
2023,125,28.5,65.66,0.56
2023,126,29.37,62.62,0.64
2023,127,29.34,65.03,0.76
2023,128,29.14,69.44,1.47
2023,129,28.51,69.34,4.03
2023,130,28.86,74.0,5.6
2023,131,29.04,77.86,9.07
2023,132,28.59,79.14,3.14
2023,133,28.32,82.71,5.44
2023,134,29.12,76.18,0.22
2023,135,29.38,72.25,0.09
2023,136,30.27,69.2,0.01
2023,137,30.49,68.01,0.01
2023,138,30.47,67.99,0.07
2023,139,29.53,73.07,0.13
2023,140,29.44,73.24,0.23
2023,141,29.45,73.97,1.79
2023,142,29.33,74.2,5.38
2023,143,29.08,73.81,0.73
2023,144,28.39,77.64,1.86
2023,145,28.59,76.88,3.05
2023,146,29.1,71.74,1.49
2023,147,29.38,71.65,0.66
2023,148,29.66,68.1,0.48
2023,149,29.82,73.34,6.51
2023,150,28.59,78.58,6.02
2023,151,28.49,78.65,10.14
2023,152,27.75,82.91,1.04
2023,153,28.69,77.62,0.59
2023,154,29.38,74.17,0.92
2023,155,28.68,76.62,0.66
2023,156,28.45,81.59,1.86
2023,157,28.31,81.8,4.0
2023,158,28.5,80.5,3.65
2023,159,28.6,78.9,3.93
2023,160,28.87,77.31,3.52
2023,161,27.83,82.09,22.7
2023,162,27.72,80.62,9.13
2023,163,28.38,78.27,6.63
2023,164,28.52,80.14,10.5
2023,165,28.52,82.16,13.39
2023,166,28.64,80.79,6.63
2023,167,28.78,77.68,3.58
2023,168,28.38,81.2,30.54
2023,169,27.61,86.15,18.77
2023,170,27.02,86.44,13.57
2023,171,27.26,77.15,19.72
2023,172,27.72,81.97,23.89
2023,173,27.52,79.24,9.94
2023,174,26.27,75.75,6.7
2023,175,26.39,87.91,63.94
2023,176,26.79,85.15,47.06
2023,177,26.7,80.04,12.19
2023,178,26.1,85.33,50.16
2023,179,26.32,83.75,42.09
2023,180,26.28,85.61,23.92
2023,181,26.28,84.49,16.35
2023,182,26.82,86.64,16.3
2023,183,26.62,88.4,32.02
2023,184,26.69,90.25,71.6
2023,185,26.12,90.77,119.68
2023,186,25.97,90.29,171.63
2023,187,26.05,87.19,67.76
2023,188,26.15,87.63,42.59
2023,189,26.6,84.03,28.23
2023,190,26.27,89.55,40.7
2023,191,26.4,88.6,13.2
2023,192,26.26,89.51,14.58
2023,193,25.84,87.79,39.3
2023,194,25.57,88.93,35.45
2023,195,25.84,89.92,70.5
2023,196,26.18,90.16,16.09
2023,197,26.38,90.88,22.05
2023,198,26.38,90.26,12.41
2023,199,26.47,88.78,10.45
2023,200,26.34,89.44,12.93
2023,201,26.38,90.71,21.19
2023,202,26.15,91.49,31.51
2023,203,26.06,89.42,49.14
2023,204,25.82,90.88,105.71
2023,205,25.44,91.99,103.92
2023,206,24.89,90.02,48.78
2023,207,24.92,91.84,66.7
2023,208,25.09,92.46,33.86
2023,209,25.39,92.72,10.38
2023,210,25.66,90.61,9.78
2023,211,25.79,89.52,6.78
2023,212,25.83,89.13,8.6
2023,213,25.74,89.65,6.28
2023,214,25.85,88.45,3.09
2023,215,26.01,88.09,5.18
2023,216,26.21,89.03,11.45
2023,217,26.29,87.41,8.04
2023,218,25.8,89.97,10.4
2023,219,26.14,87.95,5.68
2023,220,26.18,87.68,8.68
2023,221,26.16,86.41,4.97
2023,222,26.42,87.38,2.0
2023,223,26.51,86.14,1.36
2023,224,26.22,86.48,1.01
2023,225,25.73,87.86,1.09
2023,226,25.67,84.7,0.53
2023,227,26.04,82.75,1.51
2023,228,26.0,85.38,4.7
2023,229,26.1,86.75,8.85
2023,230,25.81,88.15,14.37
2023,231,26.4,88.98,33.05
2023,232,26.34,87.97,14.58
2023,233,26.39,86.57,4.12
2023,234,26.45,85.78,2.56
2023,235,26.38,85.84,1.16
2023,236,26.29,84.87,1.34
2023,237,26.5,83.47,1.25
2023,238,26.23,86.83,5.4
2023,239,25.98,87.46,3.47
2023,240,26.68,84.43,2.16
2023,241,26.55,85.36,2.54
2023,242,26.86,85.3,1.45
2023,243,26.98,83.67,0.64
2023,244,26.91,84.98,6.27
2023,245,26.42,86.41,2.53
2023,246,25.81,86.45,2.75
2023,247,24.94,84.36,8.26
2023,248,25.44,88.48,33.1
2023,249,26.23,85.84,9.61
2023,250,26.08,88.53,13.32
2023,251,26.5,89.01,19.79
2023,252,26.83,88.08,20.26
2023,253,26.89,88.11,13.22
2023,254,26.18,89.58,14.44
2023,255,26.22,88.83,8.79
2023,256,26.38,88.88,7.92
2023,257,26.1,90.32,21.33
2023,258,25.68,89.38,30.83
2023,259,26.06,88.54,20.87
2023,260,26.35,87.18,7.92
2023,261,26.3,88.32,9.9
2023,262,26.47,87.01,3.5
2023,263,26.04,86.88,5.01
2023,264,25.87,88.77,7.35
2023,265,25.83,89.79,7.98
2023,266,25.52,92.41,44.89
2023,267,25.66,89.73,15.69
2023,268,25.4,86.89,6.42
2023,269,26.13,85.64,5.8
2023,270,26.12,85.27,14.56
2023,271,25.91,90.33,35.56
2023,272,25.96,90.18,29.45
2023,273,26.03,88.58,32.62
2023,274,26.43,88.72,14.69
2023,275,26.1,84.4,1.85
2023,276,25.82,85.47,0.45
2023,277,25.82,81.38,0.05
2023,278,25.54,80.72,0.04
2023,279,26.07,82.68,0.09
2023,280,26.93,85.08,0.42
2023,281,26.97,86.21,0.74
2023,282,26.5,84.1,1.53
2023,283,26.0,87.54,0.72
2023,284,25.3,84.1,2.88
2023,285,25.64,90.57,10.18
2023,286,26.98,84.21,1.74
2023,287,26.87,83.85,2.3
2023,288,26.15,86.74,2.31
2023,289,26.3,84.99,7.81
2023,290,25.86,85.52,7.81
2023,291,26.87,83.08,1.34
2023,292,27.16,84.04,1.14
2023,293,27.1,81.87,2.02
2023,294,27.23,81.71,2.49
2023,295,27.3,82.12,0.97
2023,296,27.45,77.83,0.29
2023,297,27.01,77.68,0.13
2023,298,27.03,76.97,0.11
2023,299,26.91,69.91,0.0
2023,300,26.68,74.05,0.07
2023,301,27.45,78.67,3.01
2023,302,27.09,84.14,5.0
2023,303,26.21,86.43,5.49
2023,304,26.19,85.68,19.9
2023,305,25.85,87.39,2.78
2023,306,26.95,82.83,3.58
2023,307,27.22,84.12,3.52
2023,308,26.76,86.53,12.91
2023,309,26.46,88.2,28.88
2023,310,26.27,85.86,16.71
2023,311,26.71,77.96,11.44
2023,312,25.8,83.72,11.08
2023,313,26.01,87.26,11.77
2023,314,26.68,82.16,5.07
2023,315,27.47,79.0,2.25
2023,316,26.43,74.06,0.43
2023,317,26.36,72.2,0.03
2023,318,26.57,70.55,0.0
2023,319,26.01,72.42,0.0
2023,320,26.62,75.29,0.01
2023,321,27.16,79.37,0.41
2023,322,27.31,82.21,0.59
2023,323,27.02,81.08,0.36
2023,324,27.27,77.57,0.23
2023,325,27.22,75.88,0.09
2023,326,27.83,80.58,0.64
2023,327,27.0,85.74,2.73
2023,328,26.95,80.21,0.41
2023,329,27.31,78.96,0.22
2023,330,26.92,75.15,0.03
2023,331,27.3,75.32,0.05
2023,332,27.35,78.23,0.41
2023,333,26.93,80.95,0.54
2023,334,27.16,78.02,0.56
2023,335,27.12,81.57,0.22
2023,336,27.32,76.48,0.33
2023,337,27.72,76.91,0.04
2023,338,27.49,79.18,0.02
2023,339,26.98,76.26,0.01
2023,340,26.96,75.14,0.02
2023,341,26.8,75.56,0.02
2023,342,26.68,79.8,0.92
2023,343,26.74,82.08,8.38
2023,344,26.56,84.12,9.82
2023,345,25.84,88.24,15.24
2023,346,26.52,78.52,0.63
2023,347,26.59,72.48,0.04
2023,348,25.54,68.89,0.0
2023,349,25.82,70.84,0.14
2023,350,26.87,74.08,0.23
2023,351,26.84,79.04,0.55
2023,352,26.25,79.27,0.88
2023,353,25.99,74.13,0.06
2023,354,26.08,70.54,0.0
2023,355,26.56,72.49,0.0
2023,356,26.41,76.64,0.0
2023,357,25.87,72.33,0.0
2023,358,25.44,65.83,0.0
2023,359,26.5,71.81,0.0
2023,360,26.05,63.47,0.0
2023,361,25.5,61.59,0.0
2023,362,25.86,70.17,0.0
2023,363,27.0,69.39,0.0
2023,364,26.78,68.22,0.0
2023,365,26.22,68.64,0.0
2024,1,26.31,75.77,3.7
2024,2,26.18,79.38,3.8
2024,3,25.75,83.38,8.3
2024,4,25.35,86.38,26.23
2024,5,25.71,83.02,9.82
2024,6,26.05,82.92,14.1
2024,7,26.2,73.13,1.85
2024,8,26.15,79.29,13.83
2024,9,25.21,88.39,57.14
2024,10,25.74,77.15,0.5
2024,11,26.05,70.11,0.0
2024,12,25.83,66.9,0.0
2024,13,26.42,70.29,0.0
2024,14,26.17,74.07,0.0
2024,15,25.59,77.47,0.01
2024,16,25.52,73.69,0.0
2024,17,25.68,75.54,0.01
2024,18,25.74,79.31,0.04
2024,19,25.91,77.44,0.01
2024,20,26.24,77.54,0.0
2024,21,26.45,75.83,0.0
2024,22,26.28,74.52,0.0
2024,23,25.53,73.74,0.0
2024,24,25.05,73.75,0.0
2024,25,25.31,72.31,0.0
2024,26,26.09,69.95,0.0
2024,27,26.12,65.87,0.0
2024,28,26.18,67.45,0.0
2024,29,26.25,65.71,0.0
2024,30,25.84,62.34,0.0
2024,31,25.81,67.68,0.0
2024,32,25.32,75.31,0.0
2024,33,25.24,73.94,0.0
2024,34,26.47,70.43,0.0
2024,35,27.33,69.93,0.0
2024,36,27.41,65.7,0.0
2024,37,27.55,64.36,0.0
2024,38,27.51,65.33,0.0
2024,39,27.26,64.08,0.0
2024,40,27.54,67.97,0.0
2024,41,27.67,69.24,0.0
2024,42,28.03,67.61,0.0
2024,43,28.07,61.51,0.0
2024,44,27.49,61.98,0.0
2024,45,27.87,63.47,0.0
2024,46,28.28,65.68,0.0
2024,47,28.45,55.59,0.0
2024,48,28.24,58.22,0.0
2024,49,27.71,66.6,0.0
2024,50,28.18,69.25,0.01
2024,51,28.26,67.46,0.0
2024,52,27.7,63.61,0.0
2024,53,26.91,68.39,0.0
2024,54,26.68,65.88,0.0
2024,55,26.68,64.56,0.0
2024,56,27.55,66.04,0.0
2024,57,28.98,61.14,0.0
2024,58,29.41,59.48,0.0
2024,59,29.52,63.58,0.01
2024,60,29.13,61.96,0.02
2024,61,29.29,59.3,0.01
2024,62,29.04,62.74,0.01
2024,63,29.15,64.17,0.02
2024,64,28.88,63.88,0.0
2024,65,29.01,60.46,0.0
2024,66,28.69,60.56,0.0
2024,67,28.76,59.35,0.0
2024,68,29.05,56.54,0.0
2024,69,28.84,62.46,0.0
2024,70,28.78,65.11,0.0
2024,71,29.36,63.05,0.01
2024,72,29.39,65.11,0.0
2024,73,29.05,68.86,0.01
2024,74,28.98,65.02,0.01
2024,75,29.11,60.73,0.0
2024,76,29.31,58.23,0.0
2024,77,29.42,58.37,0.0
2024,78,29.62,56.79,0.01
2024,79,29.88,55.14,0.0
2024,80,29.49,58.76,0.0
2024,81,29.48,66.16,0.14
2024,82,29.27,70.04,7.55
2024,83,29.46,69.45,2.77
2024,84,30.09,61.91,0.75
2024,85,30.2,58.87,0.02
2024,86,29.93,65.55,0.84
2024,87,30.14,64.69,0.44
2024,88,30.15,63.85,0.01
2024,89,30.45,66.03,0.03
2024,90,30.8,62.21,0.01
2024,91,30.47,64.03,0.0
2024,92,30.21,68.24,0.04
2024,93,30.21,67.19,0.13
2024,94,30.37,64.92,0.06
2024,95,30.9,60.46,0.0
2024,96,30.9,62.81,0.0
2024,97,31.52,61.44,0.02
2024,98,30.77,64.92,0.04
2024,99,31.45,58.26,0.0
2024,100,31.32,60.94,0.01
2024,101,31.66,58.4,0.01
2024,102,31.45,58.88,0.08
2024,103,31.53,56.89,0.13
2024,104,30.76,61.17,3.87
2024,105,31.12,64.02,1.94
2024,106,31.82,61.7,0.34
2024,107,31.19,64.84,0.1
2024,108,30.81,66.52,0.05
2024,109,30.38,70.0,0.09
2024,110,30.09,72.85,3.38
2024,111,29.23,76.85,9.72
2024,112,29.76,74.05,0.1
2024,113,29.79,75.16,0.23
2024,114,30.23,70.93,0.06
2024,115,30.13,70.1,0.08
2024,116,30.91,66.26,0.01
2024,117,31.12,65.6,0.17
2024,118,31.17,64.53,0.13
2024,119,31.22,66.97,0.13
2024,120,31.47,65.31,0.2
2024,121,30.79,69.5,0.15
2024,122,30.67,69.39,0.13
2024,123,30.95,64.4,0.08
2024,124,30.79,64.12,0.1
2024,125,30.39,64.71,0.15
2024,126,30.21,64.22,0.06
2024,127,30.67,66.38,0.2
2024,128,30.63,69.13,4.06
2024,129,29.73,73.9,2.73
2024,130,30.63,66.23,0.28
2024,131,29.85,70.97,2.46
2024,132,29.79,73.39,3.6
2024,133,29.89,74.17,8.26
2024,134,29.16,80.53,13.48
2024,135,29.07,79.54,7.26
2024,136,29.27,77.31,4.21
2024,137,29.22,78.94,6.46
2024,138,29.22,80.11,14.19
2024,139,28.56,82.19,9.9
2024,140,27.85,85.72,11.87
2024,141,27.65,88.38,57.71
2024,142,28.12,82.42,13.05
2024,143,28.75,84.98,18.77
2024,144,28.54,88.76,23.78
2024,145,27.53,88.19,35.01
2024,146,27.65,81.86,10.04
2024,147,27.73,84.49,2.49
2024,148,27.96,86.21,1.34
2024,149,28.03,87.14,14.16
2024,150,28.16,84.39,3.44
2024,151,28.48,88.14,6.25
2024,152,28.58,86.39,5.59
2024,153,28.4,88.58,14.63
2024,154,28.4,83.86,11.27
2024,155,28.08,82.32,23.36
2024,156,27.92,83.38,5.72
2024,157,27.94,86.07,11.59
2024,158,27.29,87.01,23.79
2024,159,26.83,85.11,28.74
2024,160,27.56,82.81,43.81
2024,161,27.33,82.39,52.35
2024,162,27.34,82.58,20.56
2024,163,27.37,82.31,13.03
2024,164,26.48,79.59,10.81
2024,165,27.32,77.66,11.18
2024,166,27.52,83.9,13.26
2024,167,27.42,85.7,6.5
2024,168,27.44,85.12,13.34
2024,169,26.82,84.02,15.06
2024,170,27.16,82.61,10.25
2024,171,27.17,84.48,9.71
2024,172,27.48,85.92,14.45
2024,173,27.04,85.42,15.27
2024,174,26.04,85.62,24.15
2024,175,25.89,85.99,28.67
2024,176,26.2,85.29,25.59
2024,177,26.33,83.87,17.61
2024,178,26.55,84.76,129.01
2024,179,26.13,82.83,31.94
2024,180,26.71,84.67,6.36
2024,181,26.9,86.97,35.0
2024,182,26.15,91.15,30.9
2024,183,26.07,89.48,24.42
2024,184,26.67,87.76,7.84
2024,185,27.25,90.14,38.94
2024,186,26.44,87.41,48.22
2024,187,26.3,87.26,33.34
2024,188,26.53,92.04,65.52
2024,189,26.21,88.34,50.33
2024,190,25.9,87.9,58.37
2024,191,25.69,91.57,66.08
2024,192,25.82,90.25,32.66
2024,193,25.8,87.01,21.71
2024,194,25.6,90.44,48.87
2024,195,25.75,91.31,88.22
2024,196,25.94,89.93,87.05
2024,197,26.15,93.57,139.02
2024,198,25.93,92.26,63.99
2024,199,26.1,92.54,51.92
2024,200,25.75,91.91,118.71
2024,201,25.93,93.53,72.63
2024,202,26.02,92.31,41.47
2024,203,25.9,92.18,29.23
2024,204,26.13,90.01,24.89
2024,205,25.82,89.48,47.09
2024,206,26.08,90.51,33.62
2024,207,26.03,90.59,36.92
2024,208,25.99,91.43,28.35
2024,209,26.18,92.0,11.29
2024,210,26.41,89.84,9.02
2024,211,26.52,91.52,54.62
2024,212,26.05,93.74,149.73
2024,213,25.8,92.38,85.56
2024,214,25.99,92.3,130.9
2024,215,25.92,90.01,29.69
2024,216,25.33,88.16,39.72
2024,217,25.56,89.56,22.35
2024,218,25.64,89.95,21.44
2024,219,25.27,90.97,50.94
2024,220,25.01,89.75,19.69
2024,221,25.35,89.72,21.34
2024,222,25.69,90.38,26.81
2024,223,25.87,90.87,11.92
2024,224,26.18,91.84,7.44
2024,225,26.56,90.79,6.59
2024,226,27.21,89.1,12.07
2024,227,27.3,90.51,57.02
2024,228,27.71,88.95,6.17
2024,229,26.64,91.7,10.09
2024,230,26.17,94.01,15.98
2024,231,26.48,90.39,6.43
2024,232,26.65,91.26,28.25
2024,233,26.24,90.38,92.5
2024,234,26.19,91.66,66.56
2024,235,26.26,91.01,19.15
2024,236,26.25,90.46,2.82
2024,237,25.92,90.99,40.13
2024,238,25.8,91.27,18.92
2024,239,26.21,90.14,24.16
2024,240,26.28,89.44,17.81
2024,241,26.25,88.83,26.15
2024,242,26.37,90.69,21.52
2024,243,26.37,92.28,11.96
2024,244,26.18,90.71,16.5
2024,245,25.82,91.99,33.88
2024,246,26.19,89.12,9.14
2024,247,26.38,89.09,14.16
2024,248,26.26,88.93,10.39
2024,249,26.39,89.16,15.6
2024,250,26.25,88.78,15.26
2024,251,26.11,89.75,14.39
2024,252,26.33,88.96,25.48
2024,253,26.27,90.68,23.62
2024,254,26.52,89.44,20.81
2024,255,26.52,87.29,13.53
2024,256,26.45,86.43,8.56
2024,257,26.24,86.94,7.78
2024,258,26.14,87.46,8.41
2024,259,26.45,86.37,6.74
2024,260,26.3,86.37,6.75
2024,261,26.49,85.64,6.18
2024,262,25.78,85.39,1.93
2024,263,26.33,83.73,1.28
2024,264,26.38,83.67,2.15
2024,265,26.14,86.6,6.88
2024,266,25.81,86.32,6.48
2024,267,25.75,88.19,18.91
2024,268,26.11,89.12,32.79
2024,269,26.11,87.03,11.2
2024,270,26.27,86.71,8.49
2024,271,26.24,89.36,12.51
2024,272,26.64,86.74,1.14
2024,273,27.0,87.76,3.91
2024,274,26.93,90.02,10.01
2024,275,27.4,87.78,1.11
2024,276,27.14,87.72,0.72
2024,277,26.88,86.65,1.32
2024,278,26.61,87.0,3.78
2024,279,26.6,84.55,4.22
2024,280,26.12,86.34,16.73
2024,281,26.55,84.47,24.25
2024,282,25.82,88.87,13.5
2024,283,26.25,90.03,5.73
2024,284,26.59,87.43,4.2
2024,285,26.4,89.98,8.98
2024,286,26.44,89.07,4.86
2024,287,26.47,87.96,6.05
2024,288,26.53,87.89,8.68
2024,289,26.05,88.71,32.64
2024,290,25.44,91.05,39.56
2024,291,25.7,87.95,4.68
2024,292,25.71,90.63,9.6
2024,293,26.37,85.95,8.96
2024,294,26.14,89.95,8.39
2024,295,26.67,85.6,6.26
2024,296,26.98,85.06,1.61
2024,297,27.39,85.87,2.1
2024,298,26.94,87.28,5.18
2024,299,26.48,85.67,1.74
2024,300,26.9,81.64,0.47
2024,301,26.65,82.67,0.79
2024,302,26.87,82.64,2.75
2024,303,26.7,83.18,1.01
2024,304,26.85,83.43,1.25
2024,305,27.19,85.98,10.48
2024,306,26.77,91.24,19.02
2024,307,27.58,81.58,13.71
2024,308,26.94,84.33,5.75
2024,309,26.51,86.31,10.62
2024,310,26.61,84.2,2.13
2024,311,27.15,76.51,0.91
2024,312,27.43,77.36,0.1
2024,313,26.58,83.52,0.44
2024,314,27.38,76.36,0.01
2024,315,27.23,75.57,0.01
2024,316,26.8,75.22,0.0
2024,317,26.49,75.32,0.02
2024,318,27.33,78.67,0.24
2024,319,27.54,82.6,4.52
2024,320,27.37,82.9,3.81
2024,321,27.67,80.22,0.85
2024,322,27.98,79.33,1.77
2024,323,27.77,77.73,0.29
2024,324,27.64,78.58,0.2
2024,325,26.99,78.66,0.06
2024,326,26.71,78.9,0.05
2024,327,26.85,74.0,0.01
2024,328,27.01,74.1,0.01
2024,329,26.87,74.09,0.02
2024,330,26.25,73.5,0.0
2024,331,25.97,74.99,0.01
2024,332,26.99,77.13,0.1
2024,333,26.26,75.11,0.0
2024,334,25.51,78.0,0.0
2024,335,26.76,82.86,0.27
2024,336,26.9,84.14,2.72
2024,337,26.18,90.21,11.61
2024,338,26.07,92.09,84.67
2024,339,26.35,85.38,0.82
2024,340,26.29,86.44,2.37
2024,341,27.15,82.41,1.63
2024,342,26.8,85.13,0.82
2024,343,26.51,88.57,0.41
2024,344,26.6,82.93,0.17
2024,345,26.93,80.45,0.15
2024,346,27.25,78.0,0.22
2024,347,26.97,78.97,0.33
2024,348,26.62,78.92,0.71
2024,349,26.98,76.2,0.01
2024,350,25.74,68.83,0.0
2024,351,24.46,66.78,0.0
2024,352,25.13,64.88,0.0
2024,353,25.58,68.63,0.0
2024,354,26.51,78.68,0.05
2024,355,26.82,82.14,0.06
2024,356,26.09,83.09,0.23
2024,357,25.62,82.64,0.03
2024,358,25.23,82.17,0.11
2024,359,25.42,82.68,0.29
2024,360,26.01,78.71,0.02
2024,361,26.48,77.51,0.29
2024,362,26.92,79.46,0.65
2024,363,26.78,69.71,0.04
2024,364,26.37,69.79,0.0
2024,365,26.66,68.27,0.0
2024,366,26.83,67.04,0.0
2025,1,25.76,65.31,0.0
2025,2,25.59,66.79,0.0
2025,3,25.71,64.83,0.0
2025,4,25.02,60.78,0.0
2025,5,24.9,64.44,0.0
2025,6,25.36,69.4,0.0
2025,7,25.67,63.75,0.0
2025,8,25.24,65.27,0.0
2025,9,25.09,64.99,0.0
2025,10,25.96,67.99,0.0
2025,11,26.69,70.13,0.0
2025,12,27.27,70.84,0.04
2025,13,27.49,72.44,0.05
2025,14,26.62,78.0,2.27
2025,15,26.67,62.02,0.27
2025,16,26.72,62.29,0.0
2025,17,27.17,63.44,0.12
2025,18,26.67,63.17,0.02
2025,19,26.71,72.7,9.3
2025,20,26.72,70.57,6.99
2025,21,25.89,63.6,0.0
2025,22,25.95,62.68,0.0
2025,23,27.47,67.08,0.0
2025,24,26.77,63.72,0.0
2025,25,26.31,57.41,0.0
2025,26,26.11,51.3,0.0
2025,27,26.21,58.3,0.0
2025,28,25.69,67.71,0.0
2025,29,27.22,61.27,0.0
2025,30,27.13,68.85,0.01
2025,31,27.57,68.23,0.02
2025,32,28.06,61.74,0.01
2025,33,27.91,64.29,0.0
2025,34,27.45,63.68,0.0
2025,35,27.86,65.8,0.0
2025,36,27.71,60.22,0.0
2025,37,27.69,59.09,0.0
2025,38,27.67,59.74,0.0
2025,39,27.85,55.05,0.0
2025,40,28.23,59.47,0.0
2025,41,28.26,60.26,0.0
2025,42,27.62,59.7,0.0
2025,43,28.13,48.11,0.0
2025,44,28.01,55.18,0.0
2025,45,27.94,61.96,0.0
2025,46,28.72,55.81,0.0
2025,47,28.24,58.03,0.0
2025,48,28.12,62.71,0.0
2025,49,28.52,65.6,0.0
2025,50,28.65,64.9,0.0
2025,51,28.93,64.59,0.01
2025,52,29.04,66.72,0.02
2025,53,29.41,60.04,0.03
2025,54,29.44,55.56,0.02
2025,55,29.55,46.22,0.0
2025,56,29.01,46.76,0.0
2025,57,29.59,48.28,0.0
2025,58,29.65,44.86,0.0
2025,59,29.71,47.19,0.0
2025,60,29.95,52.18,0.05
2025,61,30.26,57.9,0.11
2025,62,30.49,62.73,0.2
2025,63,30.24,56.8,0.09
2025,64,29.54,63.9,0.08
2025,65,29.98,62.56,0.12
2025,66,28.95,57.13,0.03
2025,67,29.25,62.41,0.04
2025,68,29.38,56.3,0.03
2025,69,30.23,56.89,0.13
2025,70,30.87,44.49,0.0
2025,71,30.13,62.39,8.54
2025,72,28.9,73.43,4.08
2025,73,28.99,74.55,0.95
2025,74,29.12,72.48,1.11
2025,75,28.76,74.56,1.56
2025,76,28.02,77.39,1.39
2025,77,28.6,74.28,0.32
2025,78,29.15,72.07,0.45
2025,79,29.5,71.59,0.31
2025,80,29.95,65.17,0.09
2025,81,30.13,56.04,0.08
2025,82,29.82,58.55,1.74
2025,83,30.06,59.0,0.22
2025,84,29.73,67.05,2.06
2025,85,29.25,70.04,3.63
2025,86,29.45,65.88,1.17
2025,87,29.8,64.46,0.26
2025,88,29.74,67.0,0.28
2025,89,30.06,66.44,0.48
2025,90,29.97,66.51,0.51
2025,91,29.26,68.19,0.24
2025,92,29.16,69.89,1.96
2025,93,28.69,71.29,4.56
2025,94,29.35,69.21,3.23
2025,95,29.27,72.57,2.32
2025,96,29.79,69.7,1.79
2025,97,30.62,64.38,0.28
2025,98,30.32,67.28,0.63
2025,99,30.05,66.83,1.76
2025,100,29.01,70.42,2.11
2025,101,28.72,72.53,2.03
2025,102,28.76,71.14,3.92
2025,103,29.65,66.75,2.48
2025,104,29.55,70.69,2.06
2025,105,30.01,67.57,1.47
2025,106,29.79,66.17,1.29
2025,107,29.61,67.44,0.17
2025,108,29.22,69.4,0.27
2025,109,29.44,70.31,1.28
2025,110,29.29,72.4,2.27
2025,111,30.17,69.79,2.04
2025,112,30.61,65.51,0.7
2025,113,29.99,70.08,0.27
2025,114,30.07,68.7,0.56
2025,115,29.35,76.12,2.04
2025,116,29.83,73.03,7.02
2025,117,28.84,78.51,13.3
2025,118,28.88,78.69,3.34
2025,119,29.6,75.78,1.9
2025,120,29.05,78.08,4.15
2025,121,29.01,76.95,3.03
2025,122,29.63,72.56,6.27
2025,123,28.44,76.51,10.78
2025,124,29.45,70.48,4.15
2025,125,29.41,71.54,0.65
2025,126,29.38,71.55,0.27
2025,127,29.71,68.34,0.25
2025,128,29.24,66.67,0.26
2025,129,28.89,64.52,0.01
2025,130,28.91,69.19,0.21
2025,131,29.1,72.92,1.49
2025,132,29.07,74.36,2.49
2025,133,28.41,80.77,15.23
2025,134,28.03,79.39,6.94
2025,135,28.11,80.9,10.76
2025,136,27.94,83.73,10.33
2025,137,28.15,79.53,7.0
2025,138,27.86,83.94,5.24
2025,139,27.51,88.63,54.2
2025,140,27.37,90.57,119.52
2025,141,27.17,86.09,64.26
2025,142,27.91,82.64,17.35
2025,143,28.17,83.52,31.9
2025,144,27.86,84.46,46.68
2025,145,27.76,85.24,63.51
2025,146,26.93,86.49,65.63
2025,147,26.93,85.43,23.33
2025,148,27.15,84.34,46.27
2025,149,26.89,84.85,36.62
2025,150,27.12,88.72,78.69
2025,151,27.28,86.76,18.08
2025,152,27.32,83.62,9.22
2025,153,27.39,87.25,26.25
2025,154,27.55,86.82,18.96
2025,155,27.05,81.38,15.79
2025,156,26.99,83.42,3.27
2025,157,27.02,85.07,1.05
2025,158,26.96,85.41,3.44
2025,159,27.39,84.95,6.43
2025,160,27.34,83.23,8.0
2025,161,27.27,86.04,26.37
2025,162,27.35,88.94,47.46
2025,163,26.37,91.1,88.68
2025,164,26.47,92.81,59.31
2025,165,26.04,88.48,107.67
2025,166,26.25,89.41,124.03
2025,167,26.52,86.58,34.79
2025,168,27.06,90.16,37.67
2025,169,27.01,90.6,19.73
2025,170,27.02,88.99,14.45
2025,171,27.03,89.16,12.24
2025,172,27.05,87.66,7.02
2025,173,27.05,87.63,36.04
2025,174,26.65,90.9,38.16
2025,175,26.48,89.22,33.22
2025,176,26.78,91.69,32.94
2025,177,26.73,91.97,31.06
2025,178,26.5,91.4,16.53
2025,179,26.77,87.93,13.5
2025,180,26.61,87.47,10.72
2025,181,26.67,88.32,21.9
2025,182,26.64,87.84,13.45
2025,183,26.23,91.33,92.66
2025,184,26.1,87.54,44.01
2025,185,25.88,88.92,36.81
2025,186,26.16,90.91,38.07
2025,187,26.45,90.32,25.66
2025,188,26.33,90.02,16.9
2025,189,26.35,89.71,18.12
2025,190,26.43,89.09,21.85
2025,191,26.41,89.19,24.1
2025,192,26.49,90.0,50.68
2025,193,26.33,90.25,42.96
2025,194,26.23,91.59,39.67
2025,195,25.92,92.18,77.04
2025,196,26.02,91.66,58.24
2025,197,26.06,92.44,113.27
2025,198,25.82,91.07,39.96
2025,199,25.73,91.72,49.38
2025,200,25.66,93.12,82.45
2025,201,25.63,92.98,80.95
2025,202,25.49,90.54,33.44
2025,203,25.62,90.22,61.78
2025,204,25.64,92.35,50.32
2025,205,25.45,93.01,64.21
2025,206,25.51,91.41,61.35
2025,207,25.51,91.14,43.43
2025,208,25.51,91.38,21.3
2025,209,25.57,89.71,9.31
2025,210,25.72,90.32,10.27
2025,211,25.91,90.47,9.29
2025,212,26.0,89.77,6.19
2025,213,25.77,90.32,6.92
2025,214,25.75,89.61,11.98
2025,215,25.61,90.78,16.85
2025,216,25.55,91.89,13.97
2025,217,25.46,94.26,46.01
2025,218,25.27,93.81,10.94
2025,219,25.47,91.63,8.56
2025,220,25.39,91.8,3.0
2025,221,25.43,89.98,24.88
2025,222,25.05,88.83,10.67
2025,223,24.88,87.24,6.99
2025,224,24.88,85.85,13.96
2025,225,24.74,91.11,31.33
2025,226,24.9,92.48,56.7
2025,227,24.86,92.73,38.19
2025,228,25.16,93.81,36.62
2025,229,25.05,93.29,57.07
2025,230,24.72,91.48,13.3
2025,231,24.95,91.46,18.26
2025,232,25.04,88.4,7.45
2025,233,25.41,90.17,8.37
2025,234,25.59,90.45,4.51
2025,235,25.4,88.86,1.73
2025,236,25.7,86.05,0.94
2025,237,25.58,84.99,1.2
2025,238,25.85,87.51,24.53
2025,239,25.59,91.79,75.54
2025,240,25.51,92.0,76.01
2025,241,25.58,91.41,93.46
2025,242,25.68,91.6,12.23
2025,243,25.8,91.41,31.5
2025,244,25.69,89.85,5.78
2025,245,25.56,88.96,23.93
2025,246,25.72,89.93,33.03
2025,247,25.81,89.52,19.68
2025,248,25.72,88.95,12.49
2025,249,25.71,89.22,8.06
2025,250,25.56,88.71,8.82
2025,251,25.51,87.8,1.72
2025,252,26.08,86.73,0.11
2025,253,26.42,85.36,0.22
2025,254,25.69,87.09,0.1
2025,255,26.07,84.89,0.12
2025,256,25.92,86.11,0.29
2025,257,25.88,85.63,0.55
2025,258,25.52,89.46,10.44
2025,259,25.71,90.04,2.63
2025,260,25.62,91.04,6.25
2025,261,25.63,91.36,12.54
2025,262,25.59,89.75,5.15
2025,263,25.73,89.07,4.68
2025,264,25.91,88.33,3.15
2025,265,25.61,88.96,3.01
2025,266,25.42,88.55,8.87
2025,267,25.44,86.95,7.7
2025,268,25.56,87.07,14.45
2025,269,25.9,87.83,15.62
2025,270,24.71,90.47,32.56
2025,271,25.64,87.99,35.4
2025,272,25.93,86.92,10.69
2025,273,25.94,86.41,9.91
2025,274,25.99,87.53,16.73
2025,275,26.24,88.12,12.28
2025,276,26.76,84.2,4.14
2025,277,26.4,85.68,0.73
2025,278,26.32,85.97,0.18
2025,279,25.92,84.06,0.03
2025,280,25.88,85.03,0.02
2025,281,26.98,84.89,2.85
2025,282,26.5,90.5,18.27
2025,283,26.65,90.54,8.05
2025,284,27.1,85.96,19.08
2025,285,27.01,84.17,13.57
2025,286,25.98,84.82,3.78
2025,287,27.47,83.36,8.81
2025,288,27.58,84.28,8.08
2025,289,27.47,84.18,12.65
2025,290,28.13,82.08,5.11
2025,291,27.09,89.14,12.42
2025,292,27.09,87.75,15.69
2025,293,26.56,87.83,6.81
2025,294,27.01,85.29,18.46
2025,295,26.03,87.84,11.46
2025,296,26.27,88.3,22.52
2025,297,26.41,86.5,19.99
2025,298,26.75,86.08,15.63
2025,299,27.05,87.1,22.43
2025,300,26.15,91.65,21.3
2025,301,26.19,86.58,6.37
2025,302,26.26,82.32,1.89
2025,303,26.27,82.83,2.04
2025,304,26.42,80.09,1.91
2025,305,25.84,78.7,0.58
2025,306,25.89,82.71,0.2
2025,307,25.99,85.52,0.12
2025,308,25.81,87.08,4.31
2025,309,25.71,84.75,1.22
2025,310,24.53,79.1,0.01
2025,311,24.8,81.01,0.17
2025,312,26.13,81.86,0.29
2025,313,24.48,73.52,0.01
2025,314,24.03,75.3,0.01
2025,315,25.26,76.04,0.0
2025,316,26.28,78.95,0.04
2025,317,26.56,80.45,1.32
2025,318,25.7,79.64,0.99
2025,319,24.95,75.89,0.24
2025,320,25.54,76.2,0.0
2025,321,25.77,76.51,0.04
2025,322,26.02,76.11,0.43
2025,323,26.47,80.14,0.78
2025,324,26.34,79.19,0.11
2025,325,27.02,76.65,0.26
2025,326,27.07,80.28,4.87
2025,327,26.62,82.49,4.27
2025,328,26.54,84.3,6.08
2025,329,26.58,75.74,2.03
2025,330,25.84,73.1,0.01
2025,331,25.59,71.47,0.0
2025,332,25.08,71.78,0.0
2025,333,24.93,69.82,0.0
2025,334,25.66,75.12,0.06
2025,335,26.21,77.68,0.09
2025,336,26.2,79.79,0.12
2025,337,26.48,79.77,0.95
2025,338,25.78,88.83,14.9
2025,339,26.73,79.35,0.62
2025,340,25.68,77.18,0.07
2025,341,25.76,76.56,0.0
2025,342,25.57,75.57,0.0
2025,343,24.14,67.43,0.0
2025,344,24.8,70.61,0.01
2025,345,24.17,67.44,0.0
2025,346,24.11,67.63,0.0
2025,347,23.61,67.94,0.0
2025,348,23.13,66.42,0.0
2025,349,23.41,65.99,0.0
2025,350,24.15,69.13,0.04
2025,351,26.33,74.11,0.03
2025,352,23.77,67.86,0.0
2025,353,23.36,64.82,0.0
2025,354,23.4,65.89,0.0
2025,355,23.7,67.02,0.0
2025,356,24.11,65.15,0.0
2025,357,23.95,69.51,0.0
2025,358,23.79,70.8,0.0
2025,359,23.92,70.88,0.0
2025,360,24.59,68.74,0.0
2025,361,25.22,66.94,0.0
2025,362,24.67,67.87,0.0
2025,363,25.04,70.65,0.0
2025,364,25.19,72.6,0.0
2025,365,25.25,75.8,0.01
2026,1,25.21,73.17,0.04
2026,2,25.47,75.76,0.04
2026,3,25.77,72.77,0.06
2026,4,25.84,68.57,0.06
2026,5,24.88,59.73,0.0
2026,6,25.13,64.55,0.0
2026,7,25.85,65.57,0.0
2026,8,24.92,56.76,0.0
2026,9,24.98,54.9,0.0
2026,10,25.87,62.77,0.02
2026,11,25.97,67.32,0.08
2026,12,27.03,70.1,0.13
2026,13,26.92,73.14,0.7
2026,14,26.54,76.05,0.57
2026,15,26.99,71.04,0.11
2026,16,26.58,70.58,0.05
2026,17,25.71,57.21,0.0
2026,18,24.62,61.88,0.0
2026,19,24.92,66.94,0.0
2026,20,24.76,66.48,0.0
2026,21,24.86,69.84,0.0
2026,22,25.6,62.55,0.0
2026,23,25.55,66.32,0.0
2026,24,25.84,61.24,0.0
2026,25,27.15,64.63,0.0
2026,26,27.45,68.51,0.4
2026,27,27.29,71.53,0.22
2026,28,27.74,68.19,0.01
2026,29,27.19,66.85,0.02
2026,30,26.63,64.83,0.01
2026,31,26.4,61.46,0.01
2026,32,26.69,54.09,0.0
2026,33,27.1,61.68,0.0
2026,34,27.2,65.43,0.03
2026,35,27.6,57.1,0.03
2026,36,27.04,54.36,0.0
2026,37,27.42,49.57,0.0
2026,38,27.56,50.36,0.0
2026,39,27.21,54.76,0.0
2026,40,27.13,64.82,0.01
2026,41,27.78,58.15,0.01
2026,42,27.16,53.0,0.0
2026,43,27.09,47.17,0.0
2026,44,27.07,54.33,0.0
2026,45,27.69,55.34,0.0
2026,46,27.98,56.65,0.0
2026,47,27.89,55.59,0.0
2026,48,27.81,65.24,0.0
2026,49,27.3,64.77,0.01
2026,50,28.21,64.17,0.01
2026,51,28.92,58.47,0.04
2026,52,29.42,61.93,0.22
2026,53,29.17,65.77,0.34
2026,54,28.77,66.12,0.53
2026,55,28.55,66.2,0.21
2026,56,28.6,64.29,0.08
2026,57,28.34,58.2,0.0
2026,58,27.79,60.44,0.0
2026,59,27.95,60.85,0.0
2026,60,27.76,62.05,0.0
2026,61,27.86,66.56,0.0
2026,62,28.55,63.87,0.0
2026,63,28.67,65.8,0.0
2026,64,28.92,67.7,0.0
2026,65,28.75,68.56,0.0
2026,66,28.67,67.89,0.0
2026,67,29.17,65.14,0.0
2026,68,29.61,63.69,0.02
2026,69,29.25,59.37,0.03
2026,70,29.05,60.64,0.01
2026,71,29.64,60.37,0.05
2026,72,29.67,64.11,0.14
2026,73,29.43,64.69,0.17
2026,74,28.89,67.02,0.31
2026,75,28.51,66.85,1.07
2026,76,28.77,65.92,1.55
2026,77,28.65,64.57,2.22
2026,78,28.39,64.03,1.62
2026,79,28.8,59.62,0.04
2026,80,29.12,61.44,0.07
2026,81,29.52,61.24,0.09
2026,82,29.48,63.28,0.82
2026,83,29.26,65.63,1.61
2026,84,29.39,65.92,0.56
2026,85,30.24,64.98,0.37
2026,86,29.65,70.99,0.76
2026,87,28.88,71.03,7.15
2026,88,28.59,72.13,7.35
2026,89,29.25,67.44,1.66
2026,90,29.39,67.51,4.89
2026,91,28.42,74.11,8.72
2026,92,28.23,76.68,0.57
2026,93,28.77,73.27,0.84
2026,94,27.96,77.42,0.94
2026,95,28.96,68.1,0.06
2026,96,28.34,66.83,0.0
2026,97,27.61,67.07,0.0
2026,98,28.93,67.28,0.01
2026,99,29.16,69.86,0.04
2026,100,30.2,65.57,0.12
2026,101,28.6,77.67,0.37
2026,102,29.14,73.61,0.28
2026,103,29.7,70.1,0.28
2026,104,30.2,66.69,0.13
2026,105,29.66,69.46,0.25
2026,106,29.9,68.88,2.33
2026,107,30.02,69.17,0.73
2026,108,30.17,67.34,0.24
2026,109,29.44,69.65,1.24
2026,110,29.68,70.57,1.53
2026,111,29.2,72.91,1.27
2026,112,29.86,69.44,0.38
2026,113,29.59,70.68,0.11
2026,114,29.55,71.18,0.22
2026,115,29.77,69.52,0.19
2026,116,29.4,73.05,0.36
2026,117,29.44,73.83,0.8
2026,118,30.05,70.41,0.98
2026,119,29.41,72.84,1.19
2026,120,28.91,76.19,1.92
2026,121,28.43,80.22,3.57
2026,122,29.83,68.59,0.04
2026,123,29.83,69.71,0.11
2026,124,29.51,70.98,0.85
2026,125,29.59,69.14,0.96
2026,126,30.78,65.27,1.02
2026,127,29.36,74.55,2.63
2026,128,29.47,74.19,1.94
2026,129,28.88,79.73,2.19
2026,130,30.69,68.17,0.56
2026,131,30.0,71.75,2.91
2026,132,30.25,71.9,8.4
2026,133,29.22,75.38,3.21
2026,134,29.5,77.6,7.18
2026,135,29.79,71.37,4.33
2026,136,28.16,82.2,8.49
2026,137,29.31,78.58,8.74
2026,138,28.07,88.14,16.96
2026,139,27.95,83.61,4.16
2026,140,27.5,84.35,3.29
2026,141,28.3,82.49,7.65
2026,142,28.48,78.83,4.13
2026,143,27.95,84.14,29.46
2026,144,27.7,86.42,18.2
2026,145,28.2,81.28,1.86
2026,146,28.33,80.18,1.55
2026,147,28.3,84.44,2.16
2026,148,28.36,86.8,4.1
2026,149,28.44,85.07,9.52
2026,150,27.69,89.0,16.35
2026,151,27.94,88.15,6.9
2026,152,28.04,86.88,7.04
2026,153,27.45,84.38,33.18
2026,154,27.58,79.28,5.65
2026,155,27.68,79.36,16.2
2026,156,27.57,87.24,32.34
2026,157,27.41,84.84,39.97
2026,158,27.12,78.61,8.16
2026,159,26.9,83.46,9.59
2026,160,26.82,84.92,19.7
2026,161,27.31,83.66,21.53
2026,162,27.64,85.26,16.45
2026,163,27.72,85.53,17.68
2026,164,27.62,86.79,20.84
2026,165,27.57,87.06,6.86
2026,166,27.99,84.69,2.98
2026,167,28.2,83.34,1.5
2026,168,27.96,82.42,7.85
2026,169,27.76,79.43,1.52
2026,170,27.49,76.73,0.19
2026,171,27.0,82.03,3.3
2026,172,27.38,87.3,12.74
2026,173,26.82,88.54,14.21
2026,174,26.33,84.64,38.55
2026,175,26.82,83.82,6.09
2026,176,26.86,83.52,24.36
2026,177,26.97,86.98,31.17
2026,178,27.31,86.46,16.53
2026,179,27.18,87.75,35.57
2026,180,26.24,87.64,47.41
2026,181,26.24,88.65,72.52
2026,182,25.79,88.22,32.97
2026,183,26.09,86.37,16.84
2026,184,26.59,90.2,32.96
2026,185,27.07,87.7,19.89
2026,186,26.98,87.63,20.38
2026,187,27.01,87.17,33.89
2026,188,26.99,88.01,27.84
2026,189,27.08,88.67,21.81
2026,190,26.92,88.22,10.87
2026,191,26.71,88.6,9.66
2026,192,26.81,88.21,4.42
2026,193,26.91,85.66,1.42
2026,194,26.97,83.32,0.84
2026,195,26.82,81.37,0.24
2026,196,26.73,80.97,0.92
2026,197,26.64,84.86,42.21
2026,198,26.71,86.93,41.19
2026,199,26.81,87.14,20.45
2026,200,26.84,86.97,54.01
2026,201,26.66,88.23,51.98
2026,202,26.73,88.95,16.11
2026,203,26.85,89.45,24.64
2026,204,26.78,89.04,23.71
2026,205,26.83,88.05,20.74
2026,206,26.84,87.99,27.8
2026,207,26.7,89.26,25.16
2026,208,26.7,89.31,21.0
2026,209,26.55,90.34,23.08
2026,210,26.52,90.43,19.51
2026,211,26.67,89.93,8.9
2026,212,26.66,91.49,20.7
2026,213,26.4,91.19,49.35
2026,214,26.17,92.05,22.57
2026,215,26.24,91.33,41.9
2026,216,26.05,91.43,45.36
2026,217,26.01,91.75,37.43
2026,218,26.19,90.77,16.08
2026,219,25.95,92.87,23.51
2026,220,26.14,91.34,13.55
2026,221,26.29,90.14,15.84
2026,222,26.49,90.36,14.96
2026,223,26.45,89.09,14.3
2026,224,26.5,88.83,12.07
2026,225,26.38,89.11,19.97
2026,226,26.4,89.12,14.77
2026,227,26.29,89.09,16.48
2026,228,26.46,88.67,10.84
2026,229,26.42,87.56,9.53
2026,230,26.45,88.3,15.78
2026,231,26.31,90.22,21.68
2026,232,26.15,89.34,5.21
2026,233,26.03,86.46,4.62
2026,234,26.19,88.17,12.29
2026,235,26.41,89.35,14.13
2026,236,26.38,91.75,27.31
2026,237,26.3,92.06,16.55
2026,238,26.42,90.63,13.24
2026,239,26.51,88.49,5.58
2026,240,26.38,87.93,7.72
2026,241,26.07,86.97,10.24
2026,242,26.18,86.74,9.74
2026,243,26.43,86.6,12.43
2026,244,25.37,88.24,10.49
2026,245,25.59,87.2,11.87
2026,246,25.51,86.6,13.32
2026,247,25.65,87.67,8.25
2026,248,26.01,85.42,3.43
2026,249,26.16,84.53,2.85
2026,250,26.19,83.88,3.07
2026,251,26.11,83.54,7.23
2026,252,26.1,83.36,4.83
2026,253,26.26,84.68,3.93
2026,254,26.47,84.63,2.61
2026,255,26.27,83.56,1.0
2026,256,26.18,83.05,0.77
2026,257,26.12,83.5,1.25
2026,258,26.31,83.07,1.74
2026,259,26.13,82.94,7.17
2026,260,26.39,84.16,8.41
2026,261,26.42,84.87,7.47
2026,262,26.49,85.32,9.86
2026,263,26.63,83.88,11.07
2026,264,26.1,86.62,10.88
2026,265,26.21,84.84,3.66
2026,266,25.71,85.51,6.77
2026,267,25.38,87.53,14.51
2026,268,24.73,91.25,19.25
2026,269,25.44,83.4,6.54
2026,270,26.01,79.91,0.97
2026,271,25.87,81.98,1.8
2026,272,26.16,81.53,1.18
2026,273,26.47,81.62,2.96
2026,274,26.64,85.12,5.64
2026,275,26.61,80.22,2.06
2026,276,26.61,80.22,2.06
2026,277,26.61,80.22,2.06
